INSERT INTO users (id, email, login, password) VALUES (1, 'johndoe@gmail.com', 'johndoe', '$2a$10$b5qjI/WewW1JLZEPEqzx5uYkQRz7tMuVmkQzyOVenYO57nQk.Me1m'); # secret
INSERT INTO users (id, email, login, password) VALUES (2, 'qezepame@socam.me', 'mpanczak', '$2a$10$Dd3N5h3l4L9Afs9BOlPZweJplotTwc5VMUWUis1rJvfEJpKEOFcX.'); # changeit
INSERT INTO users (id, email, login, password) VALUES (3, 'zostididra@gufum.com', 'tommy', '$2a$10$Dd3N5h3l4L9Afs9BOlPZweJplotTwc5VMUWUis1rJvfEJpKEOFcX.'); # changeit
INSERT INTO users (id, email, login, password) VALUES (4, 'oiueisaterbkgn@exelica.com', 'luke', '$2a$10$Dd3N5h3l4L9Afs9BOlPZweJplotTwc5VMUWUis1rJvfEJpKEOFcX.'); # changeit
INSERT INTO users (id, email, login, password) VALUES (5, 'jack@yahoo.com', 'jack', '$2a$10$Dd3N5h3l4L9Afs9BOlPZweJplotTwc5VMUWUis1rJvfEJpKEOFcX.'); # changeit

INSERT INTO roles (id, name) VALUES (1, 'user'), (2, 'admin');

INSERT INTO roles_users (roles_id, users_id) VALUES (1, 1), (1, 2), (1, 3), (2, 1);

INSERT INTO posts (id, user_id, title, content) VALUES (1, 1, 'Projekt z Botland','Dzięki uprzejmości firmy Botland otrzymałem solidny rabat na płytki wyposażone w najnowsze układy NVIDIA Jetson Orin, więc w niniejszym worklogu postaram się podzielić wrażeniami z poznawania ich możliwości. Głównymi bohaterami tego wpisu są dwie poniższe płytki (ceny z czerwca 2023)');
INSERT INTO posts (id, user_id, title, content) VALUES (2, 2, 'Premiera: Raspberry Pi Debug Probe', 'Kolejna nowość dla wszystkich fanów produktów fundacji Raspberry Pi już dostępna! Tym razem do malinowej rodziny dołącza narzędzie, które ułatwi pracę z Raspberry Pi Pico. Inżynierowie z Cambridge przygotowali niewielką sondę do debugowanie mikrokontrolera RP2040, która może też być konwerterem UART<>USB.');
INSERT INTO posts (id, user_id, title, content) VALUES (3, 3, 'Historia tranzystora w skrócie. Wynalezienie czy odkrycie?', 'Wydaje się, że pierwszymi elementami czynnymi, czyli wzmacniającymi, były lampy elektronowe, które zastąpiono tranzystorami. Prawda jest jednak znacznie bogatsza i ciekawsza. To, co nazywa się wynalezieniem tranzystora, w rzeczywistości było przypadkowym odkryciem – rodzajem wypadku przy pracy.');
INSERT INTO posts (id, user_id, title, content) VALUES (4, 4, 'Czujniki wilgotności gleby – dlaczego są tak problematyczne?', 'Czujniki wilgotności gleby mogą być powodem wielu problemów, szczególnie jeśli w projekcie użyte zostaną te najpopularniejsze, tanie moduły. Najbardziej popularne są rezystancyjne czujniki wilgotności gleby. Warto jednak zainteresować się innymi, zdecydowanie lepszymi czujnikami.');
INSERT INTO posts (id, user_id, title, content) VALUES (5, 5, 'Generator impulsów wysokiego napięcia', ' Urządzenie składa się z przetwornicy wysokiego napięcia widocznej po prawej stronie powyższego obrazka. Wykorzystana została cewka 1mH z diodą UF4007 (szybka dioda impulsowa, która była tutaj głównie do testów, ale wbrew pozorom nadaje się całkiem dobrze do tego celu). Przetwornica zależnie od zastosowanego tranzystora (STP5NK50 lub STP5NK80) oraz częstotliwości sterującej może wygenerować impuls napięcia w wysokości odpowiednio 500 lub 800 V. Impulsy zaczynają się robić bolesne już przy 300V, więc urządzenie ma spory zapas "mocy" (w znaczeniu możliwości zakresu napięciowego, gdyż maksymalny prąd wyjściowy urządzenia mieści się w zakresie mikroamperów). Sterowanie częstotliwością przetwornicy oraz sygnału wyjściowego jest izolowane galwanicznie, co nie ma większego znaczenia w przypadku zastosowania sprzężenia zwrotnego, aczkolwiek w przypadku jego braku pozwala na całkowite odcięcie urządzenia od mikrokontrolera. W przypadku używania sprzężenia zwrotnego mikrokontroler jest zabezpieczony wyłącznie diodą Zenera (D11), co w przypadku uszkodzenia zabezpieczenia może spowodować (a nawet zagwarantować) zniszczenie mikrokontrolera, stąd używanie sprzężenia zwrotnego nie jest zalecane. Wysokim napięciem sterują tranzystory MOSFET firmy STM, które są sterowane przy użyciu rezystorów podciągających 2.2k, a ich bramka za pomocą tranzystora jest zwierana do masy. W przypadku sterowania częstotliwością sygnał jest odwrócony, co automatycznie powoduje stały przepływ prądu przez cewkę w momencie braku sygnału FREQ. Z tego też powodu został zastosowany system OCP składający się z tranzystora NPN oraz rezystora wpiętego między jego bramkę a masę. Zgodnie z zastosowanym rezystorem prąd płynący przez tranzystor nie powinien przekroczyć 200-300mA (w zależności od jakości użytych komponentów). Sygnał SIG jest podwójnie odwrócony, gdyż w przypadku zastosowania pojedynczego odwrócenia (i braku sygnału SIG) tranzystor byłby cały czas otwarty, a wysoka częstotliwość pracy przetwornicy powodowałaby wysyłanie impulsów wysokiego napięcia o wysokiej częstotliwości na wyjście urządzenia, co jest bardzo nieprzyjemne (ciekawe jak autor się o tym dowiedział...) Wielki szereg diod Zenera pozwala ograniczyć maksymalne napięcie na wyjściu urządzenia, aczkolwiek jest to zabezpieczenie opcjonalne (diody mogą się przegrzewać przy dużych częstotliwościach pracy urządzenia). Kondensator C1 służy jako magazyn energii dla impulsów wychodzących z urządzenia (rezystor rozładowujący R6 jest opcjonalny), a częstotliwość pracy Q3 określa częstotliwość impulsów wychodzących. By wysłać impuls wystarczy otworzyć Q3 na kilka milisekund. System FeedBack to zwykły dzielnik napięcia zabezpieczony diodą Zenera. Wartości elementów można odczytać w tabelce w schemacie. Napięciem wyjściowym przetwornicy sterujemy za pomocą manipulowania częstotliwością PWM sygnału FREQ z wypełnieniem 50% (mikrokontroler lub układ CD4046).  Taka modulacja jest modulacją podobną do FM, aczkolwiek wolę ją określić jako PWM, by ułatwić implementację urządzenia. Domyślnie napięcie przetwornicy nie jest przekazywane na linię OUT, więc wymagane jest przekazanie jej sygnału SIG (w domyślnym zastosowaniu jest to sygnał PWM o małym wypełnieniu z regulowaną częstotliwością). Wartość początkową najlepiej obrać w okolicach 100kHz i poruszać się w dół, by uniknąć nieprzyjemnych niespodzianek. Dla wykonujących projekt: Tranzystor sterujący przetwornicą musi być chłodzony, gdyż inaczej grzeje się niemiłosiernie. Napięcie wyjściowe polecam zmierzyć multimetrem przed użyciem urządzenia, inaczej można się niemile zaskoczyć Na start polecam okolice 100-150V. O ile dla Q1 można zastosować tranzystor IRF840, tak w przypadku Q3 posiada on zbyt niski opór po zamknięciu i nie powoduje całkowitego zaniku napięcia wyjściowego dla zakładanego obciążenia. Stąd wybór tranzystorów STP5NKXX, których opór po zamknięciu jest na tyle duży, że napięcie na obciążeniu przy zamkniętym tranzystorze spada niemal do zera. Tranzystory te kupione były "ze starej serii" (jeszcze przed zakazem ołowiu), więc nie wiem jak ich współczesne odpowiedniki poradzą sobie z tym zadaniem, ale zakładam, że są one kompatybilne. Schemat  PCB  Pliki EasyEDA Uwaga: płytka prototypowa pochodzi ze starszej wersji schematu (bez podwójnego odwrócenia linii SIG, z maksymalnie 5 diodami Zenera dla sygnału 500V i bez systemu FeedBack). ');
# INSERT INTO posts (id, user_id, title, content) VALUES (2, 2, '', '');

# INSERT INTO pictures (id, post_id, name, image_data) VALUES (1, 1, 'picture.jpg', LOAD_FILE('/tmp/diybuddy.jpg'));
# INSERT INTO pictures (id, post_id, name, image_data) VALUES (2, 2, 'picture2.jpg', LOAD_FILE('/tmp/diybuddy.jpg'));


INSERT INTO comments (id, post_id, timestamp, user_id, content) VALUES (1, 1, CURRENT_TIMESTAMP, 2, 'Super projekt!');
INSERT INTO comments (id, post_id, timestamp, user_id, content) VALUES (2, 4, CURRENT_TIMESTAMP, 1, 'Słabe to było');
INSERT INTO comments (id, post_id, timestamp, user_id, content) VALUES (3, 4, CURRENT_TIMESTAMP, 2, 'Nieźle nieźle');
INSERT INTO comments (id, post_id, timestamp, user_id, content) VALUES (4, 4, CURRENT_TIMESTAMP, 3, 'Dosasz listę elementów, których użyłeś?');
INSERT INTO comments (id, post_id, timestamp, user_id, content) VALUES (5, 2, CURRENT_TIMESTAMP, 4, 'Robiłem kiedyś coś podobnego i ..');
INSERT INTO comments (id, post_id, timestamp, user_id, content) VALUES (6, 1, CURRENT_TIMESTAMP, 3, 'Na rynku jest problem z elementami tego typu.');

INSERT INTO posts_liked_by_users (liked_by_users_id, liked_posts_id) VALUES (2, 1), (1, 3), (3, 2), (4, 2), (4, 1), (1, 4);

INSERT INTO user_follows (followed_id, follower_id) VALUES (1, 2), (1, 3), (1, 4);
INSERT INTO user_follows (followed_id, follower_id) VALUES (2, 1), (2, 3), (2, 5);
INSERT INTO user_follows (followed_id, follower_id) VALUES (5, 4), (5, 1), (5, 3);


INSERT INTO elements (id, post_id, name, type, quantity) VALUES (1, 1, 'arduino', 'uno', 1);
INSERT INTO elements (id, post_id, name, type, quantity)  VALUES (2, 1, 'connecting cables', null, 15);
INSERT INTO elements (id, post_id, name, type, quantity)  VALUES (3, 1, 'transistor', 'BC 337', 3);
INSERT INTO elements (id, post_id, name, type, quantity)  VALUES (4, 1, 'resistor 20 Ohm', null, 2);
INSERT INTO elements (id, post_id, name, type, quantity)  VALUES (5, 1, 'contact board', null, 2);
